Practice,Area,Capability,Level 1 – Initial / Ad Hoc,Level 2 – Developing,Level 3 – Defined & Repeatable,Level 4 – Managed & Optimized,Level 5 – Scalable & Autonomous
Data Engineering,Data Ingestion,Ingestion Framework & Architecture,No consistent approach or tooling; ingestion is manual or script-based.,"Some tools are in place, but architecture varies by use case or team.","Unified tooling (e.g., Airbyte, Kafka) adopted across multiple teams.",Framework is standardized org-wide; ingestion workflows are templatized and automated.,Highly scalable ingestion framework with self-service onboarding and pipeline templating.
Data Engineering,Data Ingestion,Data Source Coverage,Only a few critical sources ingested.,Most internal systems ingested; third-party/SaaS sources are handled manually.,"Broad source coverage, including key SaaS apps and internal systems.",Ingestion covers 90%+ of business-critical systems with known gaps tracked.,All data sources are onboarded via catalog and templates; onboarding SLAs are met consistently.
Data Engineering,Data Ingestion,Change Data Capture (CDC),Full table refreshes; no change detection logic.,"Partial CDC implemented for high-volume tables, often custom and fragile.","CDC supported for most key sources (e.g., Fivetran, Debezium); schema drift manually handled.","Schema changes are detected, versioned, and handled gracefully; lineage maintained.",Dynamic CDC with schema evolution support; zero-downtime deployments; fully automated.
Data Engineering,Data Ingestion,Monitoring & Alerting,No monitoring or alerts; ingestion breaks discovered manually.,Basic job-level alerting via cron or scripts.,"Automated monitoring and alerting (e.g., Airflow, Datadog) with email or Slack notifications.",SLA/SLOs tracked; alerts include root-cause hints; teams receive daily observability reports.,Predictive anomaly detection and auto-remediation; issue resolution is logged and traced.
Data Engineering,Data Ingestion,Validation & Quality Checks,No validation on incoming data.,"Occasional checks (row counts, duplicates) done manually.",Row-level and schema validation implemented for major pipelines.,Validation rules are version-controlled and centrally managed; bad records quarantined.,Rule-based validation is fully automated; exceptions routed to owners with suggested fixes.
Data Engineering,Data Ingestion,Metadata & Lineage,Ingested datasets are undocumented; unclear where data came from.,"Partial lineage exists, usually in notebooks or tribal knowledge.","Lineage tracked using tools like dbt, Marquez, or internal metadata store.",Metadata cataloged and searchable; ingestion status visible to all teams.,Metadata ingestion is automated and updated in real-time with fine-grained lineage and impact analysis.
Data Engineering,Data Ingestion,Security & Compliance,Credentials hardcoded or shared; no handling of PII or compliance.,"Basic security (e.g., secrets manager) in place; PII flagged manually.","Secure access patterns, IAM roles, and PII masking implemented for ingestion.",Compliance auditing integrated into pipelines; data governance tools support tracking.,"Full encryption, masking, and compliance validation baked into ingestion; access reviews are automated."
Data Engineering,Data Ingestion,Operational Maturity,Ingestion scripts owned by individuals; no standards.,Teams reuse some scripts; onboarding new sources takes weeks.,Ingestion is templated; onboarding new sources takes days.,Central team owns ingestion framework; onboarding SLAs defined; config stored in Git.,Self-service ingestion flows allow teams to onboard sources in hours; IaC and CI/CD integrated.
Data Engineering,Data Storage & Warehousing,Architecture & Design,No defined architecture; storage systems chosen ad hoc.,Basic architecture exists but not standardized.,Centralized warehouse/lakehouse design adopted across teams.,"Tiered architecture in place (raw, curated, modeled) with data lifecycle separation.","Highly modular, decoupled architecture with strong governance and separation of concerns."
Data Engineering,Data Storage & Warehousing,Schema Management & Modeling,Schemas evolve without planning; documentation absent.,"Partial modeling approach used inconsistently (e.g., star schema).","Standardized modeling approach (e.g., dbt, Data Vault) adopted org-wide.","Schemas are versioned, documented, and integrated with CI/CD.","Full modeling lifecycle managed as code, with validations, lineage, and semantic layer integration."
Data Engineering,Data Storage & Warehousing,Partitioning & Performance Design,No partitioning or indexing used; queries slow on large data.,Basic partitioning and manual tuning on large tables.,"Common performance optimizations applied (e.g., clustering, materialized views).","Performance is proactively managed via query profiling, usage monitoring, and refactoring.",Automatic partitioning/tiering based on workload; performance optimization is continuous and observable.
Data Engineering,Data Storage & Warehousing,Storage Scalability & Cost,Storage unmanaged; no cost visibility or archiving strategy.,Manual management of growing storage costs and cold data.,Storage monitoring and data tiering practices in place.,Archived and cold data managed automatically; usage monitored for cost optimization.,"Cost is forecasted, simulated, and programmatically optimized across platforms and compute models."
Data Engineering,Data Storage & Warehousing,Access Control & Permissions,Permissions managed manually; no visibility into who accesses what.,Role-based access partially implemented.,"Fine-grained access (RBAC, row-level security) consistently enforced.",Auditable access logs exist; policies reviewed periodically and documented.,"Attribute-based access control with full automation, audit trails, and zero-trust principles applied."
Data Engineering,Data Storage & Warehousing,Data Lineage & Documentation,No visibility into where data comes from or how it’s transformed.,Partial lineage tracked manually or informally.,"Lineage and metadata managed using tools like dbt, Amundsen, or in-house solutions.",Real-time lineage available and tied to monitoring and alerting.,"Fully integrated, automatically updated lineage with impact analysis and end-to-end visibility."
Data Engineering,Data Storage & Warehousing,Reliability & SLAs,No monitoring or guarantees for data availability/freshness.,SLAs informally defined; monitored manually.,SLAs defined for key datasets; automated freshness checks exist.,Alerts for SLA violations and data freshness; root cause analysis integrated.,"Dynamic SLA management, anomaly detection, and automatic backfills or alerts based on lineage."
Data Engineering,Data Storage & Warehousing,Environment Management,No separation between prod/dev; changes made directly.,Dev environments exist but are inconsistently used.,Separate environments (dev/staging/prod); changes deployed via manual pipelines.,CI/CD workflows manage environment changes; rollback and test capabilities exist.,Infrastructure as code; full automation of data model and infra deployment across environments.
Data Engineering,Data Storage & Warehousing,Tooling & Observability,No monitoring or alerting for warehouse behavior or availability.,Manual monitoring through dashboards; alerts not consistent.,Automated monitoring of performance and availability for key tables.,"Central observability layer in place (e.g., Monte Carlo, DataDog); alerts routed to owners.",Predictive observability with SLA forecasting and automated impact analysis on data consumers.
Data Engineering,Data Storage & Warehousing,Governance & Compliance,No classification of sensitive data or compliance policies in place.,PII tagging done manually; compliance policies partially implemented.,Sensitive data managed with defined rules and audit logs.,Governance platform in place with regular compliance checks and automated tagging.,"Integrated compliance controls, DLP enforcement, and active alerting on policy violations."
Data Engineering,Data Quality & Governance,Data Quality Monitoring,No formal data quality monitoring. Issues found reactively.,Manual or ad hoc checks exist on critical datasets.,"Automated checks (nulls, duplicates, schema) on key tables. Failures raise alerts.",Comprehensive quality rules across pipelines. Alerts routed to owners. Root cause tracked.,"Predictive, anomaly-based monitoring with incident auto-triage. Coverage spans 100% of critical data assets."
Data Engineering,Data Quality & Governance,Data Validation & Testing,Little to no validation logic in place.,Some unit tests or checks defined manually in SQL or code.,"dbt tests, assertions, or expectations implemented across curated layers.",CI/CD-integrated testing; regressions blocked before deploy.,Coverage enforced with 100% testable assets. Validation lineage documented.
Data Engineering,Data Quality & Governance,Ownership & Stewardship,No assigned data owners. Issues often go unclaimed.,Informal or team-based ownership. Issues resolved case-by-case.,Owners/stewards assigned for most domains. Defined workflows for triaging issues.,Owners accountable via SLAs. Data quality KPIs reported.,Stewardship culture embedded org-wide; issue resolution is KPI-driven.
Data Engineering,Data Quality & Governance,Cataloging & Discoverability,No central catalog. Data discovery relies on tribal knowledge.,Spreadsheet-based or tool-specific documentation.,"Cataloging platform exists (e.g., Alation, DataHub). Descriptions added for most datasets.",Automatically ingested metadata; tagging and popularity scores.,"Federated catalog with lineage, quality, usage, and sensitivity metadata deeply integrated."
Data Engineering,Data Quality & Governance,Data Lineage,No understanding of upstream/downstream dependencies.,Partial lineage tracking via documentation or tool-specific graphs.,Table-level lineage viewable by analysts and engineers.,Column-level lineage with transformations and dependencies traceable.,End-to-end active lineage across platforms. Impact analysis and rollback tools in place.
Data Engineering,Data Quality & Governance,Master & Reference Data Management,No authoritative sources; reference data inconsistently used.,"Some central reference tables exist, but usage is fragmented.",Shared reference datasets standardized across domains.,Version-controlled MDM pipelines with auditability.,"Automated entity resolution, versioning, and change propagation."
Data Engineering,Data Quality & Governance,Access Control & Classification,Access granted ad hoc; no classification of sensitive data.,Basic RBAC or group-based access. PII flagged manually.,Row/column-level access enforced on sensitive datasets. Classification rules in use.,Automated masking and tagging; access reviews conducted routinely.,Policy-based access control. Access logs monitored and integrated with zero-trust systems.
Data Engineering,Data Quality & Governance,Policy Enforcement & Compliance,Policies undefined or undocumented.,"Basic privacy policies defined, but not enforced via tooling.","Policies formalized (e.g., retention, sharing, masking) and partially automated.","Compliance tooling (e.g., GDPR audit logs, PII scanners) in active use.","Continuous compliance enforcement with dashboards, alerts, and legal attestation."
Data Engineering,Data Quality & Governance,Change Management & Contracts,Schema changes managed manually. Breaking changes common.,Informal approval of changes; limited rollback procedures.,Data producers notify consumers before changes. Data contracts emerging.,"Contract registry, versioning, and CI validation in place.",Fully automated enforcement of schema contracts with coverage dashboards and rollback.
Data Engineering,Data Quality & Governance,Incident Management & RCA,Data issues often go unnoticed or unresolved.,"Issues logged manually, triaged informally.",Known issues are tracked and reported; post-mortems documented.,Standard RCA workflow in place; metrics used to track mean time to detection and resolution.,"Incident detection, resolution, and remediation fully automated. RCA loop feeds platform improvements."
Data Engineering,Data Modeling & Schema Design,Modeling Approach & Standards,No consistent approach. Models vary by engineer.,Informal standards or templates reused inconsistently.,"Common modeling patterns (e.g., star schema) adopted and documented.",Modeling standards enforced with code review and automation.,"Modeling decisions are strategic, aligned to domain modeling practices, and reviewed regularly across teams."
Data Engineering,Data Modeling & Schema Design,Semantic Consistency,Metrics and terms vary between teams; confusion is common.,"Some terms are defined, but inconsistently applied.","Core metrics and terms (e.g., “Active User”) defined and used consistently across reports.","Shared semantic layer or metric store (e.g., LookML, dbt Metrics) in place.","Full semantic standardization with governance, versioning, and self-service access for business teams."
Data Engineering,Data Modeling & Schema Design,Collaboration & Requirements,Models built based on assumptions with little business input.,Some collaboration with analysts; not standardized.,Requirements are gathered systematically; stakeholders participate in model reviews.,"Agile and iterative collaboration between engineers, analysts, and business SMEs.",Cross-functional modeling rituals; shared modeling artifacts treated as data products.
Data Engineering,Data Modeling & Schema Design,Model Versioning & Change Mgmt,Models updated ad hoc. Breaking changes common.,Manual versioning and documentation of changes.,"Git version control, PRs, and changelogs used for all models.",CI/CD pipelines validate schema changes and downstream impacts.,"Fully automated deployment workflows, schema diffs, rollback support, and impact analysis tools in use."
Data Engineering,Data Modeling & Schema Design,Documentation & Discoverability,No documentation; data use relies on tribal knowledge.,Some tables or fields manually documented in spreadsheets.,Descriptions and lineage included in data catalog for curated models.,"Automated documentation from source code (e.g., dbt docs); searchable catalog used by analysts.","Rich documentation integrated with lineage, popularity, metrics, and examples; self-service discovery for all users."
Data Engineering,Data Modeling & Schema Design,Schema Enforcement & Contracts,No schema validation or controls in place.,Schema expectations loosely defined; issues caught post-facto.,"Schema is enforced with validations (e.g., dbt tests, JSON schemas, assertions).",Schema contracts with producers/consumers in place; violations alert and block deployment.,"Fully automated contract validation, testing, versioning, and lineage-aware enforcement across environments."
Data Engineering,Data Modeling & Schema Design,Normalization & Denormalization,No rationale; data often overly flattened or fragmented.,Ad hoc tradeoffs made based on performance or convenience.,Clear guidance exists on when to normalize or denormalize data.,Tradeoffs are quantified using query cost/performance benchmarks.,"Dynamic materialization strategies used based on query workload, model usage, and SLAs."
Data Engineering,Data Modeling & Schema Design,Tooling & Frameworks,SQL scripts or Excel files used for modeling.,Frameworks like dbt or hand-written DAGs used inconsistently.,"Standardized tooling (e.g., dbt, LookML) used for all production models.","Tooling integrated into orchestration, testing, CI/CD, and documentation pipelines.","Unified modeling ecosystem with plugin-based extensibility, governance, and metrics observability."
Data Engineering,Data Modeling & Schema Design,Testing & Data Quality,Models not tested; downstream issues common.,Manual validation or basic QA applied to key tables.,Model testing integrated into CI/CD with assertions and freshness checks.,"Automated anomaly detection, QA dashboards, and failure alerting in place.",AI-driven model quality monitoring; quality KPIs tracked per model with auto-remediation options.
Data Engineering,Data Modeling & Schema Design,Usability for Analytics,Modeled data is hard to query; joins and logic are complex.,Tables used inconsistently; naming unclear or undocumented.,"Modeled data is intuitive, well-documented, and reused across analytics projects.",Analysts self-serve with high confidence; low analyst-to-data engineering support ratio.,"Analytics-ready data products with built-in guides, templates, and business-contextualized models."
Data Engineering,Metadata Management,Types & Scope of Metadata,"Minimal or no metadata collected. Only system-generated fields (e.g., table names, timestamps).","Technical metadata partially collected (e.g., schemas, table sizes). Business metadata is sparse or informal.","Technical, business, and lineage metadata actively maintained for key data assets.","Metadata coverage extended to quality, freshness, usage, ownership, sensitivity.","Full-lifecycle metadata (technical, business, operational, behavioral) comprehensively captured and leveraged organization-wide."
Data Engineering,Metadata Management,Metadata Collection Process,Manual and inconsistent. No processes for ensuring metadata is up-to-date.,"Ad hoc or scheduled updates to metadata, often tied to manual processes.","Metadata collected automatically via integration with pipelines (e.g., dbt, Airflow).",Metadata updates embedded in CI/CD or orchestration pipelines.,Real-time metadata synchronization across all systems and stages of data lifecycle.
Data Engineering,Metadata Management,Tooling & Platform Integration,No metadata platform or catalog in use.,Spreadsheet-based documentation or fragmented tooling.,"Central metadata platform (e.g., DataHub, Alation) adopted for curated data assets.","Metadata platform is integrated with data warehouse, orchestration, modeling, and BI tools.","Metadata is platform-agnostic, API-driven, extensible, and a first-class asset in the ecosystem."
Data Engineering,Metadata Management,Search & Discovery,Users rely on tribal knowledge or personal bookmarks to find data.,Limited or fragmented searchability; discovery possible within isolated tools.,Searchable metadata catalog exists for key datasets; supports table/column/metric-level discovery.,"Rich search experience with filters, tags, popularity metrics, and user ratings.","Intelligent search with context-aware suggestions, relevance scoring, and federated discovery across domains and platforms."
Data Engineering,Metadata Management,Documentation & Descriptions,No documentation or stale/incomplete notes on datasets.,Some fields or tables documented manually; not enforced or standardized.,"Business and technical metadata (descriptions, metric logic, etc.) defined and published for curated assets.",Descriptions enforced via templates or linter in CI/CD. Ownership and update dates visible.,"Documentation auto-generated from models, monitored for completeness, and enhanced via community contributions and lineage context."
Data Engineering,Metadata Management,Data Lineage,Lineage unknown or inferred manually through tribal knowledge.,"Partial lineage captured (e.g., table-level in transformation tools).",Table-level lineage is captured and visualized in a metadata platform.,Column-level lineage from source to dashboard is accessible and integrated with impact analysis.,"Active, end-to-end lineage updated continuously; lineage is queryable and integrated with schema diffs, testing, and alerting."
Data Engineering,Metadata Management,Stewardship & Ownership,No defined data owners.,Informal ownership or team-based assumptions.,Owners assigned for critical datasets; contact info discoverable.,Data stewardship roles formalized; metadata quality tracked via KPIs.,"Federated stewardship with SLAs, usage-based ownership metrics, and proactive metadata curation."
Data Engineering,Metadata Management,"Policy, Classification & Governance",No metadata governance or classification of assets.,"Some datasets labeled manually (e.g., “PII”), but not enforced.","Sensitivity classifications (PII, PCI, etc.) and retention rules are tagged in metadata.","Governance rules enforced via access controls, masking, and monitoring in metadata platform.","Automated classification, enforcement, and policy versioning integrated with security and compliance tools."
Data Engineering,Metadata Management,Automation & Self-Service,No automation; metadata not used for any active processes.,"Limited automation (e.g., doc generation via dbt, Airflow metadata parsing).","Metadata used for documentation, scheduling, and impact analysis in selected workflows.","Metadata powers dynamic orchestration, schema drift detection, and data quality tests.","Metadata actively drives auto-generated pipelines, lineage-aware transformations, and self-healing systems."
Data Engineering,Metadata Management,Cultural Adoption,Metadata seen as overhead. No organizational buy-in.,Growing awareness but inconsistent engagement.,Analysts and engineers rely on the catalog for discovery and documentation.,Business and technical users contribute to and maintain metadata collaboratively.,Metadata is treated as an organizational asset; its maintenance is incentivized and measured.
Data Engineering,Data Security & Privacy,Access Control & Authorization,Ad hoc access controls; no formal process.,Basic RBAC in place for critical systems.,Centralized identity management with RBAC for all systems.,Periodic access reviews and automated provisioning/deprovisioning.,"Just-in-time, least-privilege access with audit trails and behavioral alerts."
Data Engineering,Data Security & Privacy,Data Classification,No data classification; sensitivity not tracked.,"Some datasets manually tagged (e.g., PII).","Formal data classification policy (PII, PHI, PCI, public, internal) adopted.",Automated classification via metadata scanning or tagging pipelines.,"Classification is dynamic, integrated with masking and access control policies."
Data Engineering,Data Security & Privacy,Encryption & Masking,No encryption guarantees.,Encryption in transit (TLS); partial encryption at rest.,Full encryption at rest and in transit for sensitive data.,Data masking or tokenization for production-like and analytics environments.,"Fine-grained field-level encryption/masking, integrated with policy-based access control."
Data Engineering,Data Security & Privacy,Audit Logging & Monitoring,No logs or logs inaccessible for auditing.,Logs exist for some systems; manually checked.,Logging of data access and system events is enabled for critical systems.,Logs are analyzed regularly; anomalies trigger alerts and investigations.,"Real-time audit trail monitoring with anomaly detection, SIEM integration, and automated escalations."
Data Engineering,Data Security & Privacy,Privacy by Design,Privacy is not considered during data pipeline or product design.,Developers are aware of privacy basics; not formally enforced.,Privacy considerations included in requirements for data systems.,Privacy impact assessments conducted during new system or feature design.,Privacy-by-default and by-design is part of development lifecycle; enforced via DevSecOps pipelines.
Data Engineering,Data Security & Privacy,Subject Rights & Consent,No process for data subject rights or consent tracking.,Ad hoc manual responses to access or deletion requests.,"Defined workflows for deletion, rectification, and access per regulation.",Automated tooling in place to manage consent and subject rights across systems.,Rights fulfillment fully automated with auditability and minimal manual intervention.
Data Engineering,Data Security & Privacy,Vendor & Third-Party Risk,Vendors used without review or contractual protections.,"Some contracts reference data protection, but not consistently reviewed.",Third-party DPAs in place and tracked; vendor risk assessments performed.,Periodic security assessments of vendors; secure data-sharing practices enforced.,"Vendors evaluated, scored, and monitored for compliance; data access is scoped and audited continuously."
Data Engineering,Data Security & Privacy,Secure Development & Deployment,No security scanning or review of code and infrastructure.,"Static security scanning (e.g., secrets detection) used occasionally.","SAST/DAST tools used; secret management via secure vaults (e.g., AWS KMS, HashiCorp Vault).",Security gate checks in CI/CD pipeline; policies enforce patching and version pinning.,DevSecOps culture fully adopted; vulnerabilities triaged and mitigated proactively in pipelines.
Data Engineering,Data Security & Privacy,Incident Response Readiness,No formal process for incident response or data breach.,Basic manual procedures documented.,Incident response playbooks defined and personnel trained.,Incident simulations conducted regularly; post-mortems drive improvements.,"Continuous incident detection and response with automated containment, forensic traceability, and stakeholder notification."
Data Engineering,Data Security & Privacy,Compliance & Regulatory Readiness,Unaware or non-compliant with relevant regulations.,"Aware of regulations (e.g., GDPR, CCPA); compliance efforts in progress.",Compliance controls implemented and reviewed; designated data privacy officer exists.,Compliance tracked via formal audits and risk assessments.,"Continuous compliance monitoring, reporting, and documentation across all systems; embedded into risk governance program."
Data Engineering,Data Security & Privacy,Security & Privacy Culture,Security viewed as blocker; minimal awareness or training.,Developers and engineers aware of basic data handling practices.,Security and privacy training is required for data team members.,Security champions embedded in teams; KPIs include privacy posture.,Organization-wide culture of proactive privacy/security; security-by-default approach integrated into all processes.
Data Engineering,Performance Optimization,Pipeline & Job Performance,No tracking of job durations or resource usage.,Manual monitoring of runtime; optimization only after failures.,Runtime is tracked; high-cost or long-running jobs are regularly reviewed.,SLAs defined for job performance; optimizations prioritized in backlog.,Continuous profiling and auto-scaling applied; tuning is automated and regression-tested.
Data Engineering,Performance Optimization,Query Performance Tuning,Queries are written ad hoc without optimization.,Performance is improved manually when issues arise.,"Query plans are reviewed; tuning strategies (e.g., CTEs, filters, joins) applied systematically.",Query optimization is part of review/deploy process; tooling supports linting or cost checks.,"Autonomic tuning (e.g., Snowflake advisor, Databricks optimizer) integrated; queries benchmarked pre-deploy."
Data Engineering,Performance Optimization,Partitioning & Indexing,Data is not partitioned; tables scanned in full.,"Basic partitioning on ingestion (e.g., by date); no formal policy.",Partitioning/indexing aligned with query patterns; clustered data sources.,Partitioning/indexing evaluated with profiling tools; maintained during lifecycle.,Smart or dynamic partitioning based on access patterns; self-healing indexing used.
Data Engineering,Performance Optimization,Materializations & Caching,No materializations; all queries run from raw data.,Some dashboards or reports use materialized tables or views.,"Materializations managed via transformation tools (e.g., dbt, ETL cache).",Cache invalidation and refresh policies are standardized and reviewed.,Adaptive caching; results precomputed based on usage heatmaps and predictive demand.
Data Engineering,Performance Optimization,Data Volume Management,No awareness of data growth; long-term data stored without downsampling.,Growth tracked informally; purging or archiving done manually.,Downsampling or archiving used in older layers; storage monitored.,"Tiered storage and compression used based on data age, cost, or access frequency.","Automated pruning, TTLs, or roll-ups in place; storage scales predictively."
Data Engineering,Performance Optimization,Compute Resource Management,"No visibility into CPU, memory, or warehouse usage.",Jobs sometimes fail due to contention or quota overrun.,Resource usage monitored via dashboards; size/configuration adjusted as needed.,"Workload management policies applied (e.g., priority queues, concurrency scaling).",Dynamic scaling by workload type; cost vs performance is continually balanced.
Data Engineering,Performance Optimization,Performance Testing,No performance testing environment or regression checks.,Performance manually tested before major releases.,Benchmarks are defined and evaluated periodically.,Test suites include performance tests; canary deployments used for changes.,Performance regression tests automated in CI/CD with alerting and rollback triggers.
Data Engineering,Performance Optimization,Observability & Alerting,No dashboards or alerts for performance.,Ad hoc alerts for job failures only.,"Dashboards for latency, throughput, failures are available and reviewed.",Alerts configured for anomalies or regressions; alert fatigue is mitigated.,Predictive observability detects degradation before it affects users; ML-assisted alert tuning.
Data Engineering,Performance Optimization,Optimization Ownership,No one is accountable for performance.,Engineers respond reactively; some tuning is expected.,Clear ownership for pipelines and queries; performance tracked as OKR or KPI.,Performance is a shared responsibility; teams track and report improvement.,Teams incentivized and measured on performance efficiency; SLOs are met or exceeded.
Data Engineering,Performance Optimization,Feedback & End-User Experience,End-users regularly complain about slow performance.,Some feedback is collected but not acted on.,"User feedback informs optimization priorities (e.g., slow dashboards get fixed).",SLAs defined for data freshness and dashboard speed; monitored regularly.,Real-user monitoring in place; feedback integrated into prioritization pipeline automatically.
Data Engineering,Scalability & Infrastructure,Elasticity & Auto-Scaling,Infrastructure is fixed; manual scaling required.,Some workloads manually scaled based on known patterns.,"Auto-scaling enabled for key services (e.g., cloud data warehouses).",Autoscaling based on predictive metrics; limited human intervention.,Fully elastic architecture with real-time workload adaptation and usage-based optimization.
Data Engineering,Scalability & Infrastructure,Modular Architecture,Monolithic pipelines; tightly coupled components.,Partial modularization of pipeline stages.,"Services decoupled via message queues or orchestration layers (e.g., Airflow, Kafka).",Modular DAGs or microservices orchestrated for parallel execution.,"Componentized, loosely coupled, reusable across workloads; supports horizontal and vertical scaling."
Data Engineering,Scalability & Infrastructure,Multi-Environment Management,Only one environment exists; changes made directly in production.,Separate environments for dev and prod; not always consistent.,Isolated environments for dev/staging/prod with IaC support.,Environments are cloned and synchronized easily for testing and scale validation.,"Environments are ephemeral, consistent, auto-provisioned, and auditable."
Data Engineering,Scalability & Infrastructure,Infrastructure as Code (IaC),Infrastructure is manually created; not repeatable.,"Some infra (e.g., compute, storage) defined with IaC tools (e.g., Terraform).",Full-stack provisioning via IaC with versioning and code reviews.,CI/CD pipeline integrates IaC testing and approval workflows.,IaC is fully integrated into lifecycle management with drift detection and automated recovery.
Data Engineering,Scalability & Infrastructure,Vendor Lock-In & Portability,System is tightly coupled to specific vendor features.,Vendor features used selectively; fallback options undocumented.,Architecture reviewed for portability; core pipelines avoid vendor lock-in.,Migration strategy is defined and tested periodically.,Multi-cloud or hybrid capability with abstracted orchestration; infrastructure is portable.
Data Engineering,Scalability & Infrastructure,Throughput & Latency Handling,Systems fail or slow significantly with load spikes.,Minor spikes handled manually or via reactive alerts.,Load handling tested; performance baseline defined per pipeline.,Load testing is routine; pipelines designed for high-concurrency and SLA adherence.,"Elastic buffering, sharding, and dynamic queueing mitigate performance degradation at scale."
Data Engineering,Scalability & Infrastructure,Cost Optimization at Scale,No awareness or tracking of infrastructure cost by workload.,Monthly cloud bills reviewed manually.,Cost dashboards exist; inefficient jobs or services are reviewed quarterly.,Cost-based optimization is part of development process; budgets assigned per team.,Cost attribution per feature or team; auto-tuning of compute and storage based on cost-performance trade-offs.
Data Engineering,Scalability & Infrastructure,High Availability & Redundancy,Systems have single points of failure.,Backups exist; failover plans are manual or untested.,Redundant systems and failover procedures in place for key services.,HA is enforced for all critical components; recovery tested regularly.,Multi-region active-active setup with automated failover and no data loss; RTO < 1 min.
Data Engineering,Scalability & Infrastructure,Multi-Tenancy / Multi-Team Scale,Architecture not designed for multi-team use.,"Some shared infrastructure exists, but conflicts and bottlenecks occur.","Teams have isolated resources, schemas, or namespaces; quotas partially enforced.","Team-level resource tracking, RBAC, and cost metering available.","Multi-tenant scalable architecture with clear boundaries, access control, and billing observability per org/team."
Data Engineering,Scalability & Infrastructure,Scalability Testing & Planning,Scalability is reactive; no forecasting or testing.,Manual assessments done during capacity issues.,Growth modeling and provisioning planning conducted annually or quarterly.,"Load testing, capacity plans, and infrastructure scaling are integrated into roadmap.","Continuous scalability monitoring and proactive modeling using usage telemetry, data growth trends, and forecasting tools."
Data Engineering,Automation & Workflow Orchestration,Workflow Orchestration Tooling,No orchestration system; pipelines triggered manually or with scripts.,"Basic orchestration using cron or simple DAGs (e.g., Airflow, Prefect) for key pipelines.",Standardized orchestration platform in place with documented DAGs.,All pipelines are orchestrated; jobs modularized and version-controlled.,"Workflows are dynamic, auto-generated, and orchestrated with metadata-driven execution."
Data Engineering,Automation & Workflow Orchestration,Triggering & Scheduling,"Jobs run on fixed, manual schedules.",Some jobs triggered based on upstream outputs or file arrivals.,"Mixed triggering: time-based, event-based, and conditional; centralized schedule mgmt.",Event-driven architectures supported at scale with SLA-aware scheduling.,"Orchestration integrates real-time events, business logic, and dynamic conditions."
Data Engineering,Automation & Workflow Orchestration,Monitoring & Alerting,No job monitoring or basic email alerts after failure.,Dashboards or Slack alerts on job failure exist; no formal escalation path.,Alerts sent for failed/delayed jobs; monitored by team during work hours.,"Alerting is SLA-driven with automatic escalation, dashboards, and remediation tracking.",Predictive alerts with self-healing pipelines and anomaly detection built-in.
Data Engineering,Automation & Workflow Orchestration,Failure Handling & Retries,Failed jobs require manual investigation and restart.,Retries are hard-coded or inconsistently applied across jobs.,Retry logic exists for transient issues; failed pipelines can restart from point of failure.,Graceful error handling built into pipeline design; workflows automatically recover.,Pipelines are fault-tolerant and context-aware with automated fallback and rollback strategies.
Data Engineering,Automation & Workflow Orchestration,Parameterization & Reuse,Pipelines are hard-coded and environment-specific.,Some jobs allow variable inputs via configs or environment files.,"Workflows are reusable with templating, macros, or parameterization.",DAGs are dynamically constructed and environment-aware.,"Pipelines are composable, metadata-driven, and reusable across domains and teams."
Data Engineering,Automation & Workflow Orchestration,Documentation & Discoverability,No workflow documentation; understanding requires code reading.,Limited documentation in wikis or code comments.,Workflows are documented in orchestration tools or data catalogs.,Visual DAGs and lineage graphs available; documentation auto-generated.,Fully searchable workflow repository with interactive lineage and audit trails.
Data Engineering,Automation & Workflow Orchestration,Secrets & Credential Management,Secrets are stored in code or hard-coded files.,Environment variables or basic secret stores used.,Vaults or cloud secret managers integrated with orchestration.,Secrets are managed via RBAC with rotation policies and audit logging.,"Zero-trust model with dynamic secrets provisioning, expiration, and revocation."
Data Engineering,Automation & Workflow Orchestration,Idempotency & State Management,Jobs are not idempotent and reruns cause data duplication or corruption.,Partial idempotency through checkpointing or manual metadata.,All jobs are idempotent or resumable; state tracked via job metadata.,Incremental logic and job state tracking automated; reprocessing is efficient.,Full lineage-aware execution with smart reprocessing and persistent DAG state management.
Data Engineering,Automation & Workflow Orchestration,Multi-Tenant Workflow Support,All workflows are bundled together and unorganized; hard to share across teams.,"Some separation by project or team, but no formal boundaries or access control.",Workflows organized by domain/team with shared platform governance.,Namespaces or tenants defined in orchestration tool; RBAC enforced.,"Fully isolated, scalable, multi-tenant orchestration with billing, usage tracking, and auditability."
Data Engineering,Automation & Workflow Orchestration,CI/CD & Workflow Testing,No tests or validation before deploying workflows.,Workflow changes peer-reviewed but not always tested.,Workflows validated in dev/staging environments before production deployment.,"CI/CD pipelines support DAG validation, dry-runs, and integration testing.","Automated deployment pipelines with test coverage, canary runs, and rollback on failure."
Data Engineering,Observability & Monitoring,Pipeline Health Monitoring,Pipeline status is not actively monitored or only checked manually.,Some pipelines have basic success/failure logging.,"All critical pipelines have status tracking, including success/failure and duration.","Execution metrics (e.g., volume, duration) monitored; alerts on SLA breaches.",Pipelines are instrumented with real-time telemetry and self-healing capabilities.
Data Engineering,Observability & Monitoring,Data Quality Monitoring,No automated checks; quality issues found manually or by end users.,Manual checks or reactive testing in place.,"Automated validation on known failure points (e.g., null checks, uniqueness).",DQ coverage across pipeline stages; alerts trigger remediation workflows.,"Comprehensive profiling, anomaly detection, and lineage-aware DQ management."
Data Engineering,Observability & Monitoring,Infrastructure Resource Monitoring,Infrastructure usage is not tracked or monitored reactively.,Basic dashboards for CPU/memory; manual interventions.,Centralized resource monitoring with trend analysis.,"Auto-scaling, threshold-based alerts, and usage KPIs tracked.",Predictive infrastructure scaling with cost/performance optimization.
Data Engineering,Observability & Monitoring,Logging Practices,"Logs are unstructured, inconsistent, and hard to trace.","Logging added for some jobs or services, but lacking context.","Structured, centralized logging in place for pipelines and services.","Logs are searchable, include metadata (e.g., run ID, org), and support incident analysis.",Fully traceable logs with correlation IDs and integration into observability stack.
Data Engineering,Observability & Monitoring,Alerting & Escalation,No alerting or informal Slack/email-based failure messages.,Alerts set up for some jobs; alerts may be missed.,Alerts defined for key workflows with known escalation contacts.,On-call rotation and severity-based escalation in place.,"Alerts are prioritized, deduplicated, and automatically triaged based on impact and history."
Data Engineering,Observability & Monitoring,Lineage & Traceability,No data lineage captured; ownership unclear during failures.,Manual documentation or lineage in isolated systems.,"Lineage tracked for major pipelines using metadata tools (e.g., dbt, Collibra).",End-to-end lineage captured and visualized; used for debugging and RCA.,"Lineage is live, automated, and integrated into incident management and compliance tooling."
Data Engineering,Observability & Monitoring,Dashboards & Observability Tools,No centralized view of pipeline health or system metrics.,Individual dashboards exist per team or system.,Central dashboard for pipeline monitoring and data availability status.,Unified observability platform supports cross-pipeline and cross-team metrics.,"Observability is federated, role-based, and used by both tech and business stakeholders."
Data Engineering,Observability & Monitoring,SLAs/SLOs for Data Pipelines,No SLAs or expectations defined for pipeline timeliness or availability.,Informal SLAs exist; breaches tracked manually or not at all.,SLAs defined for key data products; monitored with time-to-availability.,"SLA breaches are tracked, reported, and remediated; part of team KPIs.","SLAs are predictive, business-driven, and backed by automated SLA management workflows."
Data Engineering,Observability & Monitoring,Incident Management,Incidents are undocumented and resolved ad hoc.,"Issues tracked in informal tools (e.g., JIRA, spreadsheets).",Tickets and RCAs created for major incidents; resolution time tracked.,Incident response process is standardized with postmortem reviews.,"Automated detection, ticket creation, root cause tagging, and incident learning repository."
Data Engineering,Observability & Monitoring,Proactive Monitoring / Anomaly Detection,Monitoring is reactive; only visible after business impact.,Manual reviews of outliers or trends exist but are slow.,Some automated anomaly detection in data and system performance.,ML-based anomaly detection with contextual alerts and suppression of noise.,"Self-adaptive monitoring, root-cause prediction, and automated corrective action suggested or executed."
Data Engineering,Disaster Recovery & Backup,Backup Coverage,No backups or ad hoc manual exports; most data is at risk.,"Backups exist for some systems (e.g., production database); not comprehensive.",All critical systems and datasets backed up regularly.,"Systematic backup of raw, transformed, and metadata assets.",Comprehensive and automated backup across systems with dependency-aware coverage.
Data Engineering,Disaster Recovery & Backup,Frequency & Retention,"Backups performed sporadically or manually, if at all.","Daily or weekly backups for some assets; limited retention (e.g., 7 days).","Defined backup frequencies and retention per system (e.g., 30–90 days).","Retention policies tiered by data class (critical, archived); retention enforced.","Dynamic, policy-based retention with auto-tiering and compliance awareness."
Data Engineering,Disaster Recovery & Backup,Monitoring & Validation,Backup success not tracked; silent failures possible.,Manual spot-checks performed infrequently.,Backup jobs monitored; alerts on failure; basic integrity checks.,Automated validation and checksuming; alerts and dashboards integrated.,"Continuous backup testing, simulated restores, and backup audits scheduled and tracked."
Data Engineering,Disaster Recovery & Backup,Disaster Recovery Planning,No formal DR plan or understanding of RTO/RPO.,Partial documentation exists but rarely updated or tested.,DR plan documented with responsibilities and timeframes defined.,Plan is tested annually or semi-annually; includes contact trees and dependencies.,"Live, version-controlled DR playbook with regular drills and rapid failover protocols."
Data Engineering,Disaster Recovery & Backup,Recovery Testing / Drills,No testing; recovery success is unknown.,Informal or partial recovery attempted occasionally.,Recovery tests executed annually on selected systems.,Full recovery drills simulated under load and validated.,"Scheduled, auditable, scenario-based drills across systems with postmortems and RCA."
Data Engineering,Disaster Recovery & Backup,Infrastructure Resilience,"Systems are single-zone, non-redundant, or brittle.","Some HA built-in (e.g., read replicas); not reliable under real load.",High availability for core components; failover is mostly manual.,"Multi-zone, auto-failover enabled for all production infrastructure.",Multi-region active-active clusters with auto-scaling and zero downtime resilience.
Data Engineering,Disaster Recovery & Backup,Data Versioning & Time Travel,No version control of data; overwrites are irreversible.,Manual snapshots or exports used for limited versioning.,"Data versioning enabled in some systems (e.g., time travel, snapshot tables).",Incremental snapshots and restore points created automatically across systems.,"Full support for point-in-time recovery, change tracking, and rollback across pipeline states."
Data Engineering,Disaster Recovery & Backup,Access Controls for Backups,No access controls; backups potentially exposed.,Access limited to ops or admin team but not tracked.,Access to backups is role-based; some logs/audits captured.,Fine-grained access policies enforced and audit logs reviewed.,"Dynamic access controls, encryption at rest/in-transit, and compliance-aligned auditing."
Data Engineering,Disaster Recovery & Backup,Recovery Time (RTO),Unpredictable recovery time; may take days.,Recovery possible in hours but not measured or rehearsed.,"Defined RTO targets (e.g., < 4 hours) and achievable in dry runs.",SLA-backed recovery with metrics for performance; MTTR tracked.,Recovery is near-instantaneous for tier-1 systems with failover automation.
Data Engineering,Disaster Recovery & Backup,Recovery Point (RPO),RPO undefined; backup intervals too long to be useful.,Some systems have daily RPOs; others undocumented.,"RPO defined and aligned with data importance (e.g., 1–24 hours).",RPO under 1 hour for critical systems with differential backups.,Near-zero RPO for mission-critical data with real-time streaming replication.
Data Engineering,Disaster Recovery & Backup,Third-Party Dependency Coverage,"No awareness of DR policies for managed services (e.g., SaaS, cloud DBs).",Some SLAs known; no control or fallback strategy in place.,Vendor SLAs reviewed and documented; limited fallback options exist.,"Cross-cloud redundancy, export policies, and snapshot syncs automated.","Vendor-agnostic, tested fallback architectures with automated export/import recovery paths."
Data Engineering,Disaster Recovery & Backup,Post-Recovery Validation,No validation; consumers learn of issues post-restore.,Manual validation by engineers after recovery.,"Checklists followed for pipeline, table, and report validation.","Automated smoke tests, integrity checks, and downstream app validation.",Full regression testing and automated functional validation post-recovery with user notification.
Data Engineering,Self-Service & Democratization,Data Discoverability,No catalog or documentation; users rely on tribal knowledge.,Some documentation exists in siloed tools or teams.,Centralized catalog or glossary exists but lacks full coverage.,"Well-maintained catalog with lineage, owners, tags; searchable and integrated with tools.","Intelligent discovery via searchable, context-rich, auto-tagged catalogs with real-time updates."
Data Engineering,Self-Service & Democratization,Access & Permissions,"Ad hoc, manual permissions; delays in provisioning.","Some role-based access controls exist, but inconsistent across systems.",Access is role-based and managed via tickets or workflow.,Automated role-based access with policy enforcement and audit trails.,"Self-service, just-in-time access approvals with sensitivity-aware routing and de-provisioning."
Data Engineering,Self-Service & Democratization,BI & Self-Service Tooling,Business users must ask data engineers for queries and reports.,Some departments have limited self-service BI tooling.,Core dashboards and curated datasets available in BI tools.,Non-technical users can build and modify reports confidently and safely.,Fully self-serve analytics experience; semantic layers abstract SQL; integrated data exploration tooling.
Data Engineering,Self-Service & Democratization,Data Literacy & Enablement,No formal training; low understanding of data assets or terms.,Occasional training or onboarding by analysts.,Documentation and training exist for common KPIs and datasets.,"Regular enablement programs, onboarding kits, and office hours.",Embedded data literacy culture; data champions in teams; learning resources integrated in tools.
Data Engineering,Self-Service & Democratization,Metric Standardization,KPIs defined inconsistently across departments.,"Basic alignment of core metrics, but no source of truth.",KPI definitions documented and reused across teams.,Metrics centralized and exposed via governed semantic layers or dbt models.,"Fully governed, API-accessible metrics store with lineage, usage tracking, and real-time validation."
Data Engineering,Self-Service & Democratization,Request Workflows,Most requests require custom engineering support.,Some teams use request forms or tickets but backlog is long.,Prioritized intake workflows exist; backlog reviewed regularly.,Requests are triaged; repeat requests turned into self-serve assets.,Proactive self-service enablement; repeat requests monitored and productized into datasets or tools.
Data Engineering,Self-Service & Democratization,Data Access Governance,No governance policies; sensitive data may be exposed accidentally.,Manual checks on sensitive datasets; some access restrictions.,Sensitive data is tagged and access-controlled; auditing is possible.,"Automated masking, auditing, and data classification integrated with tooling.","Continuous monitoring for policy breaches, dynamic controls based on context and usage patterns."
Data Engineering,Self-Service & Democratization,Integration with Operational Tools,No integration; users must extract data manually.,Limited exports or spreadsheet-based workflows.,Data can be exported from BI tools or queried via SQL.,Reverse ETL or embedded analytics connects data to business tools.,"Operational workflows powered by real-time, governed, and embedded data flows."
Data Engineering,Self-Service & Democratization,Monitoring Usage & Feedback,No tracking of dashboard or dataset usage.,Occasional feedback is collected informally.,Usage of dashboards is monitored; feedback is encouraged.,Usage analytics drives prioritization and UX improvements.,"Feedback loops built-in; usage patterns used to optimize datasets, metrics, and UX dynamically."
Data Engineering,Integration & APIs,System Integration,"Integrations are mostly manual (e.g., spreadsheets, file uploads); fragile or ad hoc scripts connect systems.","Some scheduled/batch pipelines exist, often point-to-point; documentation may be lacking.","Standardized connectors or ETL tools (e.g., Airbyte, Fivetran) used; integration patterns documented.",Well-structured integration layer supports both batch and real-time sync; dependencies are monitored.,"Modular, reusable integration architecture; streaming-first and event-driven designs; minimal downtime or latency."
Data Engineering,Integration & APIs,API Design & Exposure,No APIs exposed for data access or sharing; consumers must query DBs directly or request manual exports.,"A few ad hoc internal APIs exist, often built by engineers per need.","Internal APIs offer curated datasets or features; some standards used (RESTful, authentication).","Consistent API development process; APIs versioned, secured, and tested; used across teams.","Fully governed, discoverable data APIs (REST/GraphQL); API-as-a-product mindset with SLAs, observability, and support."
Data Engineering,Integration & APIs,Inbound API Usage,Data from 3rd parties manually retrieved or copied into DBs.,"External APIs used in ingestion pipelines, but error-handling and change detection are inconsistent.",External APIs are integrated into scheduled or event-driven ingestion pipelines; common retry logic applied.,Inbound API integrations are monitored and resilient to schema/version changes; metadata captured.,"Ingestion pipelines are auto-scaling, auto-healing, and adaptive to schema/version evolution; centralized connector frameworks used."
Data Engineering,Integration & APIs,Outbound Data Activation,"No outbound data delivery to tools like CRMs, ERPs, or marketing platforms.",Outbound syncs done manually or via scripts; high dependency on engineers.,Some reverse ETL or push-based APIs used to sync enriched data into business tools.,Reverse ETL integrated with data models; updated on schedule or triggers; changes traceable.,Orchestrated real-time activation pipelines; feedback loops from destination systems improve models and sync frequency.
Data Engineering,Integration & APIs,Monitoring & Reliability,No visibility into integration uptime or failures; issues discovered only after stakeholder complaints.,Basic error logs reviewed reactively; no real-time alerting.,Scheduled pipeline failures and API response issues monitored with alerts; SLAs defined for some systems.,"Dashboards and alerts track integration health, latency, and retries; SLAs widely enforced.","Proactive, anomaly-based detection; automated root cause analysis; self-healing pipelines; SLA adherence validated automatically."
Data Engineering,Integration & APIs,Security & Access Control,API keys and credentials hardcoded or shared manually; no role separation.,Secrets stored in environment files or password managers; access permissions loosely enforced.,"Secrets rotated and stored in vaults (e.g., AWS Secrets Manager, HashiCorp Vault); token scopes defined.",Secure API gateway or proxy in place; RBAC and rate-limiting enforced; all access logged and audited.,"Full Zero-Trust API security; dynamic secrets, OAuth2, mutual TLS, and access contracts per integration partner."
Data Engineering,Integration & APIs,Documentation & Governance,No documentation; integrations and APIs maintained by few individuals with tribal knowledge.,"Some internal wikis or comments exist, but not actively maintained.",Integration flows and APIs documented in shared repositories or portals; ownership documented.,Well-maintained API & integration documentation; integrated with catalogs or portals; impact analysis possible.,Federated governance with data product owners; integrations traceable by lineage; developer portals with sandbox environments.
Data Engineering,Cost Management,Cost Visibility & Reporting,No cost visibility; teams unaware of spend; billing is opaque.,Partial awareness; basic cost reports generated manually or ad hoc.,Regular reporting by environment or service; leadership reviews costs periodically.,"Cost dashboards with breakdowns by team, pipeline, workload; reviewed routinely.","Real-time, granular, role-based reporting; costs embedded in engineering workflows and decisions."
Data Engineering,Cost Management,Cost Attribution,"No ability to attribute costs to projects, users, or teams.",Basic tagging for some resources; attribution inconsistent.,Costs are tagged and mapped to business units or initiatives; used for internal analysis.,Systematic chargeback or showback models in place across departments.,"Fully automated attribution and billing; tied to goals, usage trends, and outcomes."
Data Engineering,Cost Management,Budget Governance & Controls,No spend limits; teams provision resources freely without oversight.,Manual reviews and approval for large purchases or new tools.,Teams operate under soft budgets with tracked spend.,"Quotas, limits, and alerting enforced; budget targets set per team or project.","Dynamic, policy-driven spend governance based on behavior, usage, and priorities."
Data Engineering,Cost Management,Monitoring & Alerts,No alerting or tracking of anomalies or spikes.,Alerts set manually; often reactive and delayed.,Cost spikes monitored daily/weekly; alerts configured for critical resources.,Integrated cost anomaly detection with metadata context and ownership.,Predictive anomaly detection; automated root-cause analysis and recommendations.
Data Engineering,Cost Management,Optimization Practices,No cost optimization; pipelines and queries run indefinitely.,Occasional clean-ups or audits initiated manually.,Inefficient queries and storage patterns identified and addressed during reviews.,Cost optimization is a standard phase of development lifecycle.,Continuous optimization via automation and monitoring; savings tracked and reported.
Data Engineering,Cost Management,Forecasting & Planning,Costs are not forecasted; planning based on past surprises.,"Teams estimate costs before new projects, but accuracy is low.",Forecasting based on usage trends and project scope; reviewed quarterly.,Forecasts integrated into planning and tracked against actuals.,Scenario-based forecasting with alerts for overages and predictive scaling.
Data Engineering,Cost Management,Cultural Awareness,Teams unaware of how code or infrastructure impacts cost.,Some developers are conscious of costs; no formal education.,Cost is discussed during reviews and planning; ownership begins to emerge.,Engineers are held accountable for cost decisions; culture embraces cost-consciousness.,Cost-awareness embedded across roles; incentives aligned with efficient design and business impact.
Data Engineering,Cost Management,Tools & Automation,No tools in place; billing is manually reviewed monthly.,Cost Explorer or cloud console used manually.,Dashboards or reports built to monitor top-line metrics.,Automated tooling integrated with orchestration and observability stack.,"End-to-end tooling with predictive insights, cost-as-code policies, and intelligent remediation recommendations."